keyword,name,price,point_rate,effective_price,url
イヤホン,「ポイント10倍」「楽天1位」ワイヤレスイヤホン Bluetooth5.4 ENCノイズキャンセリンク 瞬間接続 bluetooth イヤホン ワイヤレス 低遅延 左右分離型 マイク付き 軽型 ブルートゥース イヤホン 両耳通話 片耳 IPX7防水 iPhone/Android適用 2026,3979,10,3581,https://item.rakuten.co.jp/r1-shop/ejg16d/?rafcid=wsc_i_is_54a6acd2-35d5-4b17-a161-5f9bce1645a5
モバイルバッテリー,【クーポンで最安2180円】「年間ランキング受賞」「楽天1位＆新色登場」 モバイルバッテリー 大容量 20800mAh 4本ケーブル内蔵 超軽量 小型 ワイヤレス充電 6台同時充電 3way蓄電 MFi認証 持ち運び便利 LEDライト 残量表示 iPhone/iPad/Android対応 電熱ベスト/電気毛布用,2980,20,2384,https://item.rakuten.co.jp/hitidear/q8-1/?rafcid=wsc_i_is_54a6acd2-35d5-4b17-a161-5f9bce1645a5
モバイルバッテリー,"23連冠【COUPON+P20倍→実質2,290円・超お得SALE】 モバイルバッテリー 大容量 軽量 40000mAh 22.5W 急速充電 3台同時充電 30,0000+累計販売 小型 携帯充電器 SCP22.5W / PD18W / QC 3.0最速 充電器 防災グッズ 電気毛布 電熱ベスト iPhone/ iPadmini /andoroid対応",3390,20,2712,https://item.rakuten.co.jp/yumenomori/p1t05cdbhe/?rafcid=wsc_i_is_54a6acd2-35d5-4b17-a161-5f9bce1645a5
スマートウォッチ,【楽天1位】スマートウォッチ S5 血中酸素 SMS通知 ウォッチ 健康統計 スマートブレスレット 心拍計 歩数計 睡眠モニター IP68防水 電話着信 LINE リストバンド 腕時計 スポーツウォッチ 長座注意 アラーム レディース メンズ 父 母 敬老 誕生日 プレゼント 送料無料,2880,10,2592,https://item.rakuten.co.jp/ezone/100801b/?rafcid=wsc_i_is_54a6acd2-35d5-4b17-a161-5f9bce1645a5
スマートウォッチ,【楽天1位】進化版 スマートウォッチ Bluetooth通話 1.85インチ大画面 血中酸素 心拍 歩数 カロリー 健康管理 スマートブレスレット リストバンド 腕時計 着信通知 IP67防水 睡眠 Siri 呼吸 生理周期 音楽再生 SOS 長待機 iPhone Android メンズ レディース DM80 送料無料,3380,10,3042,https://item.rakuten.co.jp/ezone/100911b/?rafcid=wsc_i_is_54a6acd2-35d5-4b17-a161-5f9bce1645a5
スマートウォッチ,【楽天1位】スマートウォッチ 血中酸素 心拍 歩数 カロリー 健康管理 スマートブレスレット リストバンド 腕時計 着信通知 IP67防水 睡眠検測 生理期 長い待機時間 iPhone Android メンズ レディース 彼氏 彼女 父 母 誕生日 ギフト C60 送料無料,2880,10,2592,https://item.rakuten.co.jp/ezone/100928b/?rafcid=wsc_i_is_54a6acd2-35d5-4b17-a161-5f9bce1645a5
ヘッドホン,「ポイント10倍」「楽天1位」ワイヤレスイヤホン Bluetooth5.4 ENCノイズキャンセリンク 瞬間接続 bluetooth イヤホン ワイヤレス 低遅延 左右分離型 マイク付き 軽型 ブルートゥース イヤホン 両耳通話 片耳 IPX7防水 iPhone/Android適用 2026,3979,10,3581,https://item.rakuten.co.jp/r1-shop/ejg16d/?rafcid=wsc_i_is_54a6acd2-35d5-4b17-a161-5f9bce1645a5
ヘッドホン,"P20倍 【爆安3,128円★クーポンで】 ＼楽天1位／ イヤホン ワイヤレスイヤホン 液晶イヤホン タッチパネル ANC対応 小型 bluetooth Hi-Fi イヤホン BlueTooth ワイヤレス タッチパネルイヤホン ノイズキャンセリング タッチスクリーン コンパクト Bluetooth6.0 軽量 イヤホン",3680,20,2944,https://item.rakuten.co.jp/rainbowshoji/s15/?rafcid=wsc_i_is_54a6acd2-35d5-4b17-a161-5f9bce1645a5
充電器,【2点セット★2個目半額OFF】iphone 急速充電器 ケーブル セット 20W 急速充電器 2ポート iphone17充電器 iphone 充電 コード 純正 タイプCケーブル pd充電器 PD対応 ACアダプター iphone15充電器 タイプC充電器 スマホ 充電器 USBコンセント,1380,10,1242,https://item.rakuten.co.jp/akiya/tan-3216-seto-ayx/?rafcid=wsc_i_is_54a6acd2-35d5-4b17-a161-5f9bce1645a5
充電器,【クーポンで最安2180円】「年間ランキング受賞」「楽天1位＆新色登場」 モバイルバッテリー 大容量 20800mAh 4本ケーブル内蔵 超軽量 小型 ワイヤレス充電 6台同時充電 3way蓄電 MFi認証 持ち運び便利 LEDライト 残量表示 iPhone/iPad/Android対応 電熱ベスト/電気毛布用,2980,20,2384,https://item.rakuten.co.jp/hitidear/q8-1/?rafcid=wsc_i_is_54a6acd2-35d5-4b17-a161-5f9bce1645a5
充電器,【P15倍】1位12冠【2本セット】2セット目400円オフ iphone 充電 ケーブル タイプc apple認証 純正 同等品 タイプcケーブル 急速 usb type-c ケーブル ライトニングケーブル iphone ケーブル 充電 コード usbケーブル タイプc アイフォンケーブル 1m 2m ipad 急速充電器,1000,15,850,https://item.rakuten.co.jp/oshiri/1-200/?rafcid=wsc_i_is_54a6acd2-35d5-4b17-a161-5f9bce1645a5
充電器,"23連冠【COUPON+P20倍→実質2,290円・超お得SALE】 モバイルバッテリー 大容量 軽量 40000mAh 22.5W 急速充電 3台同時充電 30,0000+累計販売 小型 携帯充電器 SCP22.5W / PD18W / QC 3.0最速 充電器 防災グッズ 電気毛布 電熱ベスト iPhone/ iPadmini /andoroid対応",3390,20,2712,https://item.rakuten.co.jp/yumenomori/p1t05cdbhe/?rafcid=wsc_i_is_54a6acd2-35d5-4b17-a161-5f9bce1645a5
